timeStamp,elapsed,label,threadName,success,bytes,sentBytes,URL,Latency
1548341312207,47,HTTP Request small1 40 req/min,Thread Group 100 req/min 2-17,true,25314,125,http://192.168.1.118/small1.html,43
1548341312225,114,HTTP Request small1 40 req/min,Thread Group 100 req/min 2-26,true,25314,125,http://192.168.1.118/small1.html,43
1548341312174,180,HTTP Request small1 40 req/min,Thread Group 100 req/min 2-2,true,25314,125,http://192.168.1.118/small1.html,173
1548341312217,143,HTTP Request small1 40 req/min,Thread Group 100 req/min 2-24,true,25314,125,http://192.168.1.118/small1.html,30
1548341312222,166,HTTP Request small1 40 req/min,Thread Group 100 req/min 2-18,true,25314,125,http://192.168.1.118/small1.html,75
1548341312193,204,HTTP Request small1 40 req/min,Thread Group 100 req/min 2-15,true,25314,125,http://192.168.1.118/small1.html,114
1548341312180,237,HTTP Request small1 40 req/min,Thread Group 100 req/min 2-3,true,25314,125,http://192.168.1.118/small1.html,137
1548341312243,429,HTTP Request small2 40 req/min,Thread Group 100 req/min 2-29,true,100309,125,http://192.168.1.118/small2.html,49
1548341312190,502,HTTP Request small2 40 req/min,Thread Group 100 req/min 2-12,true,100309,125,http://192.168.1.118/small2.html,32
1548341312187,535,HTTP Request small2 40 req/min,Thread Group 100 req/min 2-11,true,100309,125,http://192.168.1.118/small2.html,135
1548341312184,558,HTTP Request small2 40 req/min,Thread Group 100 req/min 2-7,true,100309,125,http://192.168.1.118/small2.html,128
1548341312190,598,HTTP Request small2 40 req/min,Thread Group 100 req/min 2-13,true,100309,125,http://192.168.1.118/small2.html,67
1548341312239,558,HTTP Request small2 40 req/min,Thread Group 100 req/min 2-27,true,100309,125,http://192.168.1.118/small2.html,42
1548341312178,648,HTTP Request small2 40 req/min,Thread Group 100 req/min 2-5,true,100309,125,http://192.168.1.118/small2.html,124
1548341312214,614,HTTP Request small2 40 req/min,Thread Group 100 req/min 2-22,true,100309,125,http://192.168.1.118/small2.html,29
1548341312187,1635,HTTP Request medium1 40 req/min,Thread Group 100 req/min 2-9,true,500266,126,http://192.168.1.118/medium1.html,24
1548341312210,1618,HTTP Request medium1 40 req/min,Thread Group 100 req/min 2-20,true,500266,126,http://192.168.1.118/medium1.html,116
1548341312232,1621,HTTP Request medium1 40 req/min,Thread Group 100 req/min 2-28,true,500266,126,http://192.168.1.118/medium1.html,46
1548341312207,2548,HTTP Request medium2 40 req/min,Thread Group 100 req/min 2-19,true,1018167,126,http://192.168.1.118/medium2.html,29
1548341312222,2543,HTTP Request medium2 40 req/min,Thread Group 100 req/min 2-25,true,1018167,126,http://192.168.1.118/medium2.html,38
1548341312221,2581,HTTP Request medium2 40 req/min,Thread Group 100 req/min 2-23,true,1018167,126,http://192.168.1.118/medium2.html,50
1548341312183,2634,HTTP Request medium2 40 req/min,Thread Group 100 req/min 2-8,true,1018167,126,http://192.168.1.118/medium2.html,21
1548341312176,2658,HTTP Request medium2 40 req/min,Thread Group 100 req/min 2-4,true,1018167,126,http://192.168.1.118/medium2.html,186
1548341312179,2685,HTTP Request medium2 40 req/min,Thread Group 100 req/min 2-6,true,1018167,126,http://192.168.1.118/medium2.html,15
1548341312211,3613,HTTP Request big1 40 req/min,Thread Group 100 req/min 2-21,true,2035951,123,http://192.168.1.118/big1.html,29
1548341312187,3646,HTTP Request big1 40 req/min,Thread Group 100 req/min 2-10,true,2035951,123,http://192.168.1.118/big1.html,155
1548341312205,3638,HTTP Request big1 40 req/min,Thread Group 100 req/min 2-16,true,2035951,123,http://192.168.1.118/big1.html,24
1548341312242,3609,HTTP Request big1 40 req/min,Thread Group 100 req/min 2-30,true,2035951,123,http://192.168.1.118/big1.html,46
1548341312193,3665,HTTP Request big1 40 req/min,Thread Group 100 req/min 2-14,true,2035951,123,http://192.168.1.118/big1.html,140
1548341312174,3688,HTTP Request big1 40 req/min,Thread Group 100 req/min 2-1,true,2035951,123,http://192.168.1.118/big1.html,9
1548341330210,196,HTTP Request small1 40 req/min,Thread Group 100 req/min 2-21,true,25314,125,http://192.168.1.118/small1.html,112
1548341330221,194,HTTP Request small1 40 req/min,Thread Group 100 req/min 2-25,true,25314,125,http://192.168.1.118/small1.html,60
1548341330182,241,HTTP Request small1 40 req/min,Thread Group 100 req/min 2-7,true,25314,125,http://192.168.1.118/small1.html,150
1548341330195,249,HTTP Request small1 40 req/min,Thread Group 100 req/min 2-16,true,25314,125,http://192.168.1.118/small1.html,55
1548341330221,588,HTTP Request small2 40 req/min,Thread Group 100 req/min 2-18,true,100309,125,http://192.168.1.118/small2.html,66
1548341330232,585,HTTP Request small2 40 req/min,Thread Group 100 req/min 2-28,true,100309,125,http://192.168.1.118/small2.html,85
1548341330192,642,HTTP Request small2 40 req/min,Thread Group 100 req/min 2-14,true,100309,125,http://192.168.1.118/small2.html,49
1548341330213,633,HTTP Request small2 40 req/min,Thread Group 100 req/min 2-22,true,100309,125,http://192.168.1.118/small2.html,55
1548341330240,607,HTTP Request small2 40 req/min,Thread Group 100 req/min 2-29,true,100309,125,http://192.168.1.118/small2.html,57
1548341330187,697,HTTP Request small2 40 req/min,Thread Group 100 req/min 2-11,true,100309,125,http://192.168.1.118/small2.html,214
1548341330242,1170,HTTP Request small2 40 req/min,Thread Group 100 req/min 2-30,true,100309,125,http://192.168.1.118/small2.html,793
1548341330225,1869,HTTP Request medium1 40 req/min,Thread Group 100 req/min 2-26,true,500266,126,http://192.168.1.118/medium1.html,66
1548341330216,1923,HTTP Request medium1 40 req/min,Thread Group 100 req/min 2-24,true,500266,126,http://192.168.1.118/medium1.html,55
1548341330219,1946,HTTP Request medium1 40 req/min,Thread Group 100 req/min 2-23,true,500266,126,http://192.168.1.118/medium1.html,58
1548341330188,2014,HTTP Request medium1 40 req/min,Thread Group 100 req/min 2-10,true,500266,126,http://192.168.1.118/medium1.html,123
1548341330173,2041,HTTP Request medium1 40 req/min,Thread Group 100 req/min 2-1,true,500266,126,http://192.168.1.118/medium1.html,11
1548341330174,3229,HTTP Request medium2 40 req/min,Thread Group 100 req/min 2-3,true,1018167,126,http://192.168.1.118/medium2.html,17
1548341330176,3235,HTTP Request medium2 40 req/min,Thread Group 100 req/min 2-5,true,1018167,126,http://192.168.1.118/medium2.html,23
1548341330192,3246,HTTP Request medium2 40 req/min,Thread Group 100 req/min 2-15,true,1018167,126,http://192.168.1.118/medium2.html,55
1548341330179,3283,HTTP Request medium2 40 req/min,Thread Group 100 req/min 2-6,true,1018167,126,http://192.168.1.118/medium2.html,31
1548341330189,3290,HTTP Request medium2 40 req/min,Thread Group 100 req/min 2-13,true,1018167,126,http://192.168.1.118/medium2.html,48
1548341330177,3311,HTTP Request medium2 40 req/min,Thread Group 100 req/min 2-4,true,1018167,126,http://192.168.1.118/medium2.html,27
1548341330187,3304,HTTP Request medium2 40 req/min,Thread Group 100 req/min 2-9,true,1018167,126,http://192.168.1.118/medium2.html,141
1548341330207,4427,HTTP Request big1 40 req/min,Thread Group 100 req/min 2-19,true,2035951,123,http://192.168.1.118/big1.html,94
1548341330183,4456,HTTP Request big1 40 req/min,Thread Group 100 req/min 2-8,true,2035951,123,http://192.168.1.118/big1.html,143
1548341330238,4405,HTTP Request big1 40 req/min,Thread Group 100 req/min 2-27,true,2035951,123,http://192.168.1.118/big1.html,69
1548341330206,4438,HTTP Request big1 40 req/min,Thread Group 100 req/min 2-17,true,2035951,123,http://192.168.1.118/big1.html,51
1548341330190,4458,HTTP Request big1 40 req/min,Thread Group 100 req/min 2-12,true,2035951,123,http://192.168.1.118/big1.html,39
1548341330210,4441,HTTP Request big1 40 req/min,Thread Group 100 req/min 2-20,true,2035951,123,http://192.168.1.118/big1.html,51
1548341330173,4483,HTTP Request big1 40 req/min,Thread Group 100 req/min 2-2,true,2035951,123,http://192.168.1.118/big1.html,194
1548341348176,27,HTTP Request small1 40 req/min,Thread Group 100 req/min 2-5,true,25314,125,http://192.168.1.118/small1.html,23
1548341348177,173,HTTP Request small1 40 req/min,Thread Group 100 req/min 2-4,true,25314,125,http://192.168.1.118/small1.html,168
1548341348182,197,HTTP Request small1 40 req/min,Thread Group 100 req/min 2-7,true,25314,125,http://192.168.1.118/small1.html,169
1548341348221,187,HTTP Request small1 40 req/min,Thread Group 100 req/min 2-18,true,25314,125,http://192.168.1.118/small1.html,66
1548341348221,206,HTTP Request small1 40 req/min,Thread Group 100 req/min 2-25,true,25314,125,http://192.168.1.118/small1.html,70
1548341348206,240,HTTP Request small1 40 req/min,Thread Group 100 req/min 2-19,true,25314,125,http://192.168.1.118/small1.html,111
1548341348192,258,HTTP Request small1 40 req/min,Thread Group 100 req/min 2-15,true,25314,125,http://192.168.1.118/small1.html,212
1548341348186,303,HTTP Request small1 40 req/min,Thread Group 100 req/min 2-9,true,25314,125,http://192.168.1.118/small1.html,34
1548341348187,331,HTTP Request small1 40 req/min,Thread Group 100 req/min 2-10,true,25314,125,http://192.168.1.118/small1.html,43
1548341348225,466,HTTP Request small2 40 req/min,Thread Group 100 req/min 2-26,true,100309,125,http://192.168.1.118/small2.html,70
1548341348189,513,HTTP Request small2 40 req/min,Thread Group 100 req/min 2-13,true,100309,125,http://192.168.1.118/small2.html,49
1548341348220,551,HTTP Request small2 40 req/min,Thread Group 100 req/min 2-23,true,100309,125,http://192.168.1.118/small2.html,60
1548341348186,605,HTTP Request small2 40 req/min,Thread Group 100 req/min 2-11,true,100309,125,http://192.168.1.118/small2.html,126
1548341348238,570,HTTP Request small2 40 req/min,Thread Group 100 req/min 2-27,true,100309,125,http://192.168.1.118/small2.html,60
1548341348173,804,HTTP Request small2 40 req/min,Thread Group 100 req/min 2-2,true,100309,125,http://192.168.1.118/small2.html,378
1548341348189,1598,HTTP Request medium1 40 req/min,Thread Group 100 req/min 2-12,true,500266,126,http://192.168.1.118/medium1.html,138
1548341348242,1550,HTTP Request medium1 40 req/min,Thread Group 100 req/min 2-30,true,500266,126,http://192.168.1.118/medium1.html,65
1548341348241,1565,HTTP Request medium1 40 req/min,Thread Group 100 req/min 2-29,true,500266,126,http://192.168.1.118/medium1.html,60
1548341348206,1605,HTTP Request medium1 40 req/min,Thread Group 100 req/min 2-17,true,500266,126,http://192.168.1.118/medium1.html,51
1548341348173,1645,HTTP Request medium1 40 req/min,Thread Group 100 req/min 2-1,true,500266,126,http://192.168.1.118/medium1.html,208
1548341348210,1627,HTTP Request medium1 40 req/min,Thread Group 100 req/min 2-21,true,500266,126,http://192.168.1.118/medium1.html,50
1548341348232,1606,HTTP Request medium1 40 req/min,Thread Group 100 req/min 2-28,true,500266,126,http://192.168.1.118/medium1.html,90
1548341348213,2290,HTTP Request medium2 40 req/min,Thread Group 100 req/min 2-22,true,1018167,126,http://192.168.1.118/medium2.html,57
1548341348192,2326,HTTP Request medium2 40 req/min,Thread Group 100 req/min 2-14,true,1018167,126,http://192.168.1.118/medium2.html,55
1548341348195,2328,HTTP Request medium2 40 req/min,Thread Group 100 req/min 2-16,true,1018167,126,http://192.168.1.118/medium2.html,54
1548341348211,2321,HTTP Request medium2 40 req/min,Thread Group 100 req/min 2-20,true,1018167,126,http://192.168.1.118/medium2.html,56
1548341348174,2405,HTTP Request medium2 40 req/min,Thread Group 100 req/min 2-3,true,1018167,126,http://192.168.1.118/medium2.html,189
1548341348178,2894,HTTP Request big1 40 req/min,Thread Group 100 req/min 2-6,true,2035951,123,http://192.168.1.118/big1.html,175
1548341348182,2901,HTTP Request big1 40 req/min,Thread Group 100 req/min 2-8,true,2035951,123,http://192.168.1.118/big1.html,29
1548341348216,2874,HTTP Request big1 40 req/min,Thread Group 100 req/min 2-24,true,2035951,123,http://192.168.1.118/big1.html,61
1548341366206,190,HTTP Request small1 40 req/min,Thread Group 100 req/min 2-19,true,25314,125,http://192.168.1.118/small1.html,40
1548341366221,267,HTTP Request small1 40 req/min,Thread Group 100 req/min 2-18,true,25314,125,http://192.168.1.118/small1.html,59
1548341366240,403,HTTP Request small2 40 req/min,Thread Group 100 req/min 2-29,true,100309,125,http://192.168.1.118/small2.html,61
1548341366219,610,HTTP Request small2 40 req/min,Thread Group 100 req/min 2-23,true,100309,125,http://192.168.1.118/small2.html,51
1548341366242,624,HTTP Request small2 40 req/min,Thread Group 100 req/min 2-30,true,100309,125,http://192.168.1.118/small2.html,65
1548341366173,699,HTTP Request small2 40 req/min,Thread Group 100 req/min 2-1,true,100309,125,http://192.168.1.118/small2.html,282
1548341366232,702,HTTP Request small2 40 req/min,Thread Group 100 req/min 2-28,true,100309,125,http://192.168.1.118/small2.html,65
1548341366210,747,HTTP Request small2 40 req/min,Thread Group 100 req/min 2-21,true,100309,125,http://192.168.1.118/small2.html,39
1548341366189,771,HTTP Request small2 40 req/min,Thread Group 100 req/min 2-13,true,100309,125,http://192.168.1.118/small2.html,30
1548341366189,779,HTTP Request small2 40 req/min,Thread Group 100 req/min 2-12,true,100309,125,http://192.168.1.118/small2.html,143
1548341366213,2034,HTTP Request medium1 40 req/min,Thread Group 100 req/min 2-22,true,500266,126,http://192.168.1.118/medium1.html,47
1548341366239,2036,HTTP Request medium1 40 req/min,Thread Group 100 req/min 2-27,true,500266,126,http://192.168.1.118/medium1.html,87
1548341366195,2082,HTTP Request medium1 40 req/min,Thread Group 100 req/min 2-16,true,500266,126,http://192.168.1.118/medium1.html,43
1548341366210,2075,HTTP Request medium1 40 req/min,Thread Group 100 req/min 2-20,true,500266,126,http://192.168.1.118/medium1.html,47
1548341366186,2107,HTTP Request medium1 40 req/min,Thread Group 100 req/min 2-9,true,500266,126,http://192.168.1.118/medium1.html,149
1548341366206,2150,HTTP Request medium1 40 req/min,Thread Group 100 req/min 2-17,true,500266,126,http://192.168.1.118/medium1.html,199
1548341366179,3262,HTTP Request medium2 40 req/min,Thread Group 100 req/min 2-6,true,1018167,126,http://192.168.1.118/medium2.html,132
1548341366224,3272,HTTP Request medium2 40 req/min,Thread Group 100 req/min 2-26,true,1018167,126,http://192.168.1.118/medium2.html,67
1548341366176,3323,HTTP Request medium2 40 req/min,Thread Group 100 req/min 2-5,true,1018167,126,http://192.168.1.118/medium2.html,169
1548341366177,5113,HTTP Request big1 40 req/min,Thread Group 100 req/min 2-4,true,2035951,123,http://192.168.1.118/big1.html,22
1548341366216,5115,HTTP Request big1 40 req/min,Thread Group 100 req/min 2-24,true,2035951,123,http://192.168.1.118/big1.html,50
1548341366183,5175,HTTP Request big1 40 req/min,Thread Group 100 req/min 2-8,true,2035951,123,http://192.168.1.118/big1.html,179
1548341366175,5199,HTTP Request big1 40 req/min,Thread Group 100 req/min 2-3,true,2035951,123,http://192.168.1.118/big1.html,203
1548341366188,5187,HTTP Request big1 40 req/min,Thread Group 100 req/min 2-10,true,2035951,123,http://192.168.1.118/big1.html,128
1548341366221,5155,HTTP Request big1 40 req/min,Thread Group 100 req/min 2-25,true,2035951,123,http://192.168.1.118/big1.html,65
1548341366186,5193,HTTP Request big1 40 req/min,Thread Group 100 req/min 2-11,true,2035951,123,http://192.168.1.118/big1.html,24
1548341366182,5202,HTTP Request big1 40 req/min,Thread Group 100 req/min 2-7,true,2035951,123,http://192.168.1.118/big1.html,94
1548341366192,5193,HTTP Request big1 40 req/min,Thread Group 100 req/min 2-14,true,2035951,123,http://192.168.1.118/big1.html,128
1548341366192,5195,HTTP Request big1 40 req/min,Thread Group 100 req/min 2-15,true,2035951,123,http://192.168.1.118/big1.html,36
1548341366172,5222,HTTP Request big1 40 req/min,Thread Group 100 req/min 2-2,true,2035951,123,http://192.168.1.118/big1.html,365
1548341384238,176,HTTP Request small1 40 req/min,Thread Group 100 req/min 2-27,true,25314,125,http://192.168.1.118/small1.html,95
1548341384186,231,HTTP Request small1 40 req/min,Thread Group 100 req/min 2-11,true,25314,125,http://192.168.1.118/small1.html,20
1548341384176,320,HTTP Request small1 40 req/min,Thread Group 100 req/min 2-4,true,25314,125,http://192.168.1.118/small1.html,170
1548341384189,416,HTTP Request small1 40 req/min,Thread Group 100 req/min 2-12,true,25314,125,http://192.168.1.118/small1.html,29
1548341384216,454,HTTP Request small2 40 req/min,Thread Group 100 req/min 2-24,true,100309,125,http://192.168.1.118/small2.html,60
1548341384221,478,HTTP Request small2 40 req/min,Thread Group 100 req/min 2-25,true,100309,125,http://192.168.1.118/small2.html,65
1548341384214,516,HTTP Request small2 40 req/min,Thread Group 100 req/min 2-22,true,100309,125,http://192.168.1.118/small2.html,58
1548341384183,658,HTTP Request small2 40 req/min,Thread Group 100 req/min 2-8,true,100309,125,http://192.168.1.118/small2.html,152
1548341384176,675,HTTP Request small2 40 req/min,Thread Group 100 req/min 2-5,true,100309,125,http://192.168.1.118/small2.html,180
1548341384183,739,HTTP Request small2 40 req/min,Thread Group 100 req/min 2-7,true,100309,125,http://192.168.1.118/small2.html,15
1548341384224,1954,HTTP Request medium1 40 req/min,Thread Group 100 req/min 2-26,true,500266,126,http://192.168.1.118/medium1.html,72
1548341384222,1964,HTTP Request medium1 40 req/min,Thread Group 100 req/min 2-18,true,500266,126,http://192.168.1.118/medium1.html,67
1548341384210,1986,HTTP Request medium1 40 req/min,Thread Group 100 req/min 2-20,true,500266,126,http://192.168.1.118/medium1.html,56
1548341384232,1981,HTTP Request medium1 40 req/min,Thread Group 100 req/min 2-28,true,500266,126,http://192.168.1.118/medium1.html,67
1548341384206,2010,HTTP Request medium1 40 req/min,Thread Group 100 req/min 2-17,true,500266,126,http://192.168.1.118/medium1.html,51
1548341384219,2003,HTTP Request medium1 40 req/min,Thread Group 100 req/min 2-23,true,500266,126,http://192.168.1.118/medium1.html,60
1548341384186,2057,HTTP Request medium1 40 req/min,Thread Group 100 req/min 2-9,true,500266,126,http://192.168.1.118/medium1.html,147
1548341384187,2071,HTTP Request medium1 40 req/min,Thread Group 100 req/min 2-10,true,500266,126,http://192.168.1.118/medium1.html,207
1548341384175,2090,HTTP Request medium1 40 req/min,Thread Group 100 req/min 2-3,true,500266,126,http://192.168.1.118/medium1.html,187
1548341384172,2105,HTTP Request medium1 40 req/min,Thread Group 100 req/min 2-1,true,500266,126,http://192.168.1.118/medium1.html,306
1548341384192,2916,HTTP Request medium2 40 req/min,Thread Group 100 req/min 2-14,true,1018167,126,http://192.168.1.118/medium2.html,55
1548341384211,4400,HTTP Request big1 40 req/min,Thread Group 100 req/min 2-21,true,2035951,123,http://192.168.1.118/big1.html,57
1548341384195,4459,HTTP Request big1 40 req/min,Thread Group 100 req/min 2-16,true,2035951,123,http://192.168.1.118/big1.html,120
1548341384206,4458,HTTP Request big1 40 req/min,Thread Group 100 req/min 2-19,true,2035951,123,http://192.168.1.118/big1.html,113
1548341384192,4491,HTTP Request big1 40 req/min,Thread Group 100 req/min 2-15,true,2035951,123,http://192.168.1.118/big1.html,46
1548341384190,4500,HTTP Request big1 40 req/min,Thread Group 100 req/min 2-13,true,2035951,123,http://192.168.1.118/big1.html,38
1548341384179,4513,HTTP Request big1 40 req/min,Thread Group 100 req/min 2-6,true,2035951,123,http://192.168.1.118/big1.html,162
1548341384243,4453,HTTP Request big1 40 req/min,Thread Group 100 req/min 2-30,true,2035951,123,http://192.168.1.118/big1.html,67
1548341384172,4528,HTTP Request big1 40 req/min,Thread Group 100 req/min 2-2,true,2035951,123,http://192.168.1.118/big1.html,178
1548341384240,4462,HTTP Request big1 40 req/min,Thread Group 100 req/min 2-29,true,2035951,123,http://192.168.1.118/big1.html,66
1548341402177,212,HTTP Request small1 40 req/min,Thread Group 100 req/min 2-5,true,25314,125,http://192.168.1.118/small1.html,208
1548341402213,220,HTTP Request small1 40 req/min,Thread Group 100 req/min 2-22,true,25314,125,http://192.168.1.118/small1.html,117
1548341402192,252,HTTP Request small1 40 req/min,Thread Group 100 req/min 2-15,true,25314,125,http://192.168.1.118/small1.html,128
1548341402225,221,HTTP Request small1 40 req/min,Thread Group 100 req/min 2-26,true,25314,125,http://192.168.1.118/small1.html,65
1548341402221,227,HTTP Request small1 40 req/min,Thread Group 100 req/min 2-18,true,25314,125,http://192.168.1.118/small1.html,59
1548341402222,262,HTTP Request small1 40 req/min,Thread Group 100 req/min 2-25,true,25314,125,http://192.168.1.118/small1.html,64
1548341402173,327,HTTP Request small1 40 req/min,Thread Group 100 req/min 2-2,true,25314,125,http://192.168.1.118/small1.html,323
1548341402210,296,HTTP Request small1 40 req/min,Thread Group 100 req/min 2-20,true,25314,125,http://192.168.1.118/small1.html,49
1548341402207,482,HTTP Request small2 40 req/min,Thread Group 100 req/min 2-19,true,100309,125,http://192.168.1.118/small2.html,49
1548341402186,515,HTTP Request small2 40 req/min,Thread Group 100 req/min 2-11,true,100309,125,http://192.168.1.118/small2.html,175
1548341402240,528,HTTP Request small2 40 req/min,Thread Group 100 req/min 2-29,true,100309,125,http://192.168.1.118/small2.html,60
1548341402232,566,HTTP Request small2 40 req/min,Thread Group 100 req/min 2-28,true,100309,125,http://192.168.1.118/small2.html,78
1548341402242,575,HTTP Request small2 40 req/min,Thread Group 100 req/min 2-30,true,100309,125,http://192.168.1.118/small2.html,63
1548341402192,637,HTTP Request small2 40 req/min,Thread Group 100 req/min 2-14,true,100309,125,http://192.168.1.118/small2.html,37
1548341402206,625,HTTP Request small2 40 req/min,Thread Group 100 req/min 2-17,true,100309,125,http://192.168.1.118/small2.html,41
1548341402189,1599,HTTP Request medium1 40 req/min,Thread Group 100 req/min 2-12,true,500266,126,http://192.168.1.118/medium1.html,155
1548341402174,1623,HTTP Request medium1 40 req/min,Thread Group 100 req/min 2-3,true,500266,126,http://192.168.1.118/medium1.html,9
1548341402211,1605,HTTP Request medium1 40 req/min,Thread Group 100 req/min 2-21,true,500266,126,http://192.168.1.118/medium1.html,55
1548341402217,1616,HTTP Request medium1 40 req/min,Thread Group 100 req/min 2-24,true,500266,126,http://192.168.1.118/medium1.html,53
1548341402183,1659,HTTP Request medium1 40 req/min,Thread Group 100 req/min 2-7,true,500266,126,http://192.168.1.118/medium1.html,132
1548341402172,1675,HTTP Request medium1 40 req/min,Thread Group 100 req/min 2-1,true,500266,126,http://192.168.1.118/medium1.html,194
1548341402176,1673,HTTP Request medium1 40 req/min,Thread Group 100 req/min 2-4,true,500266,126,http://192.168.1.118/medium1.html,149
1548341402188,2324,HTTP Request medium2 40 req/min,Thread Group 100 req/min 2-10,true,1018167,126,http://192.168.1.118/medium2.html,146
1548341402183,2348,HTTP Request medium2 40 req/min,Thread Group 100 req/min 2-8,true,1018167,126,http://192.168.1.118/medium2.html,18
1548341402219,2320,HTTP Request medium2 40 req/min,Thread Group 100 req/min 2-23,true,1018167,126,http://192.168.1.118/medium2.html,57
1548341402178,2386,HTTP Request medium2 40 req/min,Thread Group 100 req/min 2-6,true,1018167,126,http://192.168.1.118/medium2.html,21
1548341402239,2961,HTTP Request big1 40 req/min,Thread Group 100 req/min 2-27,true,2035951,123,http://192.168.1.118/big1.html,57
1548341402195,3025,HTTP Request big1 40 req/min,Thread Group 100 req/min 2-16,true,2035951,123,http://192.168.1.118/big1.html,42
1548341402189,3038,HTTP Request big1 40 req/min,Thread Group 100 req/min 2-13,true,2035951,123,http://192.168.1.118/big1.html,30
1548341402186,3044,HTTP Request big1 40 req/min,Thread Group 100 req/min 2-9,true,2035951,123,http://192.168.1.118/big1.html,21
1548341420206,124,HTTP Request small1 40 req/min,Thread Group 100 req/min 2-19,true,25314,125,http://192.168.1.118/small1.html,120
1548341420232,231,HTTP Request small1 40 req/min,Thread Group 100 req/min 2-28,true,25314,125,http://192.168.1.118/small1.html,134
1548341420189,304,HTTP Request small1 40 req/min,Thread Group 100 req/min 2-13,true,25314,125,http://192.168.1.118/small1.html,16
1548341420174,616,HTTP Request small2 40 req/min,Thread Group 100 req/min 2-3,true,100309,125,http://192.168.1.118/small2.html,214
1548341420186,611,HTTP Request small2 40 req/min,Thread Group 100 req/min 2-9,true,100309,125,http://192.168.1.118/small2.html,178
1548341420182,625,HTTP Request small2 40 req/min,Thread Group 100 req/min 2-7,true,100309,125,http://192.168.1.118/small2.html,46
1548341420213,634,HTTP Request small2 40 req/min,Thread Group 100 req/min 2-22,true,100309,125,http://192.168.1.118/small2.html,56
1548341420172,752,HTTP Request small2 40 req/min,Thread Group 100 req/min 2-2,true,100309,125,http://192.168.1.118/small2.html,174
1548341420192,771,HTTP Request small2 40 req/min,Thread Group 100 req/min 2-14,true,100309,125,http://192.168.1.118/small2.html,24
1548341420224,1948,HTTP Request medium1 40 req/min,Thread Group 100 req/min 2-26,true,500266,126,http://192.168.1.118/medium1.html,71
1548341420176,2145,HTTP Request medium1 40 req/min,Thread Group 100 req/min 2-5,true,500266,126,http://192.168.1.118/medium1.html,6
1548341420188,2133,HTTP Request medium1 40 req/min,Thread Group 100 req/min 2-10,true,500266,126,http://192.168.1.118/medium1.html,12
1548341420219,2102,HTTP Request medium1 40 req/min,Thread Group 100 req/min 2-23,true,500266,126,http://192.168.1.118/medium1.html,66
1548341420189,2140,HTTP Request medium1 40 req/min,Thread Group 100 req/min 2-12,true,500266,126,http://192.168.1.118/medium1.html,13
1548341420238,2092,HTTP Request medium1 40 req/min,Thread Group 100 req/min 2-27,true,500266,126,http://192.168.1.118/medium1.html,118
1548341420192,2144,HTTP Request medium1 40 req/min,Thread Group 100 req/min 2-15,true,500266,126,http://192.168.1.118/medium1.html,146
1548341420210,2140,HTTP Request medium1 40 req/min,Thread Group 100 req/min 2-21,true,500266,126,http://192.168.1.118/medium1.html,55
1548341420178,2189,HTTP Request medium1 40 req/min,Thread Group 100 req/min 2-6,true,500266,126,http://192.168.1.118/medium1.html,11
1548341420221,3150,HTTP Request medium2 40 req/min,Thread Group 100 req/min 2-25,true,1018167,126,http://192.168.1.118/medium2.html,133
1548341420216,3184,HTTP Request medium2 40 req/min,Thread Group 100 req/min 2-24,true,1018167,126,http://192.168.1.118/medium2.html,59
1548341420210,3215,HTTP Request medium2 40 req/min,Thread Group 100 req/min 2-20,true,1018167,126,http://192.168.1.118/medium2.html,45
1548341420176,3259,HTTP Request medium2 40 req/min,Thread Group 100 req/min 2-4,true,1018167,126,http://192.168.1.118/medium2.html,168
1548341420173,3277,HTTP Request medium2 40 req/min,Thread Group 100 req/min 2-1,true,1018167,126,http://192.168.1.118/medium2.html,63
1548341420206,3254,HTTP Request medium2 40 req/min,Thread Group 100 req/min 2-17,true,1018167,126,http://192.168.1.118/medium2.html,41
1548341420242,4181,HTTP Request big1 40 req/min,Thread Group 100 req/min 2-30,true,2035951,123,http://192.168.1.118/big1.html,129
1548341420221,4235,HTTP Request big1 40 req/min,Thread Group 100 req/min 2-18,true,2035951,123,http://192.168.1.118/big1.html,95
1548341420186,4273,HTTP Request big1 40 req/min,Thread Group 100 req/min 2-11,true,2035951,123,http://192.168.1.118/big1.html,10
1548341420240,4222,HTTP Request big1 40 req/min,Thread Group 100 req/min 2-29,true,2035951,123,http://192.168.1.118/big1.html,65
1548341420196,4270,HTTP Request big1 40 req/min,Thread Group 100 req/min 2-16,true,2035951,123,http://192.168.1.118/big1.html,179
1548341420182,4285,HTTP Request big1 40 req/min,Thread Group 100 req/min 2-8,true,2035951,123,http://192.168.1.118/big1.html,154
1548341438225,141,HTTP Request small1 40 req/min,Thread Group 100 req/min 2-26,true,25314,125,http://192.168.1.118/small1.html,97
1548341438238,138,HTTP Request small1 40 req/min,Thread Group 100 req/min 2-27,true,25314,125,http://192.168.1.118/small1.html,63
1548341438213,187,HTTP Request small1 40 req/min,Thread Group 100 req/min 2-22,true,25314,125,http://192.168.1.118/small1.html,57
1548341438189,238,HTTP Request small1 40 req/min,Thread Group 100 req/min 2-12,true,25314,125,http://192.168.1.118/small1.html,47
1548341438210,236,HTTP Request small1 40 req/min,Thread Group 100 req/min 2-20,true,25314,125,http://192.168.1.118/small1.html,55
1548341438176,325,HTTP Request small1 40 req/min,Thread Group 100 req/min 2-4,true,25314,125,http://192.168.1.118/small1.html,23
1548341438178,336,HTTP Request small1 40 req/min,Thread Group 100 req/min 2-6,true,25314,125,http://192.168.1.118/small1.html,31
1548341438243,532,HTTP Request small2 40 req/min,Thread Group 100 req/min 2-30,true,100309,125,http://192.168.1.118/small2.html,69
1548341438186,603,HTTP Request small2 40 req/min,Thread Group 100 req/min 2-11,true,100309,125,http://192.168.1.118/small2.html,143
1548341438220,571,HTTP Request small2 40 req/min,Thread Group 100 req/min 2-23,true,100309,125,http://192.168.1.118/small2.html,61
1548341438240,552,HTTP Request small2 40 req/min,Thread Group 100 req/min 2-29,true,100309,125,http://192.168.1.118/small2.html,64
1548341438195,648,HTTP Request small2 40 req/min,Thread Group 100 req/min 2-16,true,100309,125,http://192.168.1.118/small2.html,59
1548341438172,723,HTTP Request small2 40 req/min,Thread Group 100 req/min 2-1,true,100309,125,http://192.168.1.118/small2.html,214
1548341438186,1770,HTTP Request medium1 40 req/min,Thread Group 100 req/min 2-9,true,500266,126,http://192.168.1.118/medium1.html,147
1548341438221,1743,HTTP Request medium1 40 req/min,Thread Group 100 req/min 2-25,true,500266,126,http://192.168.1.118/medium1.html,70
1548341438209,1774,HTTP Request medium1 40 req/min,Thread Group 100 req/min 2-17,true,500266,126,http://192.168.1.118/medium1.html,52
1548341438175,1920,HTTP Request medium1 40 req/min,Thread Group 100 req/min 2-3,true,500266,126,http://192.168.1.118/medium1.html,11
1548341438182,2867,HTTP Request medium2 40 req/min,Thread Group 100 req/min 2-8,true,1018167,126,http://192.168.1.118/medium2.html,142
1548341438216,2856,HTTP Request medium2 40 req/min,Thread Group 100 req/min 2-24,true,1018167,126,http://192.168.1.118/medium2.html,58
1548341438192,2890,HTTP Request medium2 40 req/min,Thread Group 100 req/min 2-14,true,1018167,126,http://192.168.1.118/medium2.html,57
1548341438232,2857,HTTP Request medium2 40 req/min,Thread Group 100 req/min 2-28,true,1018167,126,http://192.168.1.118/medium2.html,63
1548341438177,2922,HTTP Request medium2 40 req/min,Thread Group 100 req/min 2-5,true,1018167,126,http://192.168.1.118/medium2.html,27
1548341438209,2895,HTTP Request medium2 40 req/min,Thread Group 100 req/min 2-19,true,1018167,126,http://192.168.1.118/medium2.html,133
1548341438187,2937,HTTP Request medium2 40 req/min,Thread Group 100 req/min 2-10,true,1018167,126,http://192.168.1.118/medium2.html,42
1548341438192,3909,HTTP Request big1 40 req/min,Thread Group 100 req/min 2-15,true,2035951,123,http://192.168.1.118/big1.html,54
1548341438210,3904,HTTP Request big1 40 req/min,Thread Group 100 req/min 2-21,true,2035951,123,http://192.168.1.118/big1.html,104
1548341438221,3907,HTTP Request big1 40 req/min,Thread Group 100 req/min 2-18,true,2035951,123,http://192.168.1.118/big1.html,63
1548341438189,3944,HTTP Request big1 40 req/min,Thread Group 100 req/min 2-13,true,2035951,123,http://192.168.1.118/big1.html,50
1548341438183,3955,HTTP Request big1 40 req/min,Thread Group 100 req/min 2-7,true,2035951,123,http://192.168.1.118/big1.html,36
1548341438172,3969,HTTP Request big1 40 req/min,Thread Group 100 req/min 2-2,true,2035951,123,http://192.168.1.118/big1.html,184
1548341456187,111,HTTP Request small1 40 req/min,Thread Group 100 req/min 2-10,true,25314,125,http://192.168.1.118/small1.html,106
1548341456239,88,HTTP Request small1 40 req/min,Thread Group 100 req/min 2-27,true,25314,125,http://192.168.1.118/small1.html,84
1548341456221,203,HTTP Request small1 40 req/min,Thread Group 100 req/min 2-25,true,25314,125,http://192.168.1.118/small1.html,41
1548341456192,647,HTTP Request small2 40 req/min,Thread Group 100 req/min 2-14,true,100309,125,http://192.168.1.118/small2.html,121
1548341456189,714,HTTP Request small2 40 req/min,Thread Group 100 req/min 2-13,true,100309,125,http://192.168.1.118/small2.html,174
1548341456195,747,HTTP Request small2 40 req/min,Thread Group 100 req/min 2-16,true,100309,125,http://192.168.1.118/small2.html,33
1548341456224,2193,HTTP Request medium1 40 req/min,Thread Group 100 req/min 2-26,true,500266,126,http://192.168.1.118/medium1.html,79
1548341456206,2239,HTTP Request medium1 40 req/min,Thread Group 100 req/min 2-17,true,500266,126,http://192.168.1.118/medium1.html,25
1548341456232,2235,HTTP Request medium1 40 req/min,Thread Group 100 req/min 2-28,true,500266,126,http://192.168.1.118/medium1.html,41
1548341456240,2236,HTTP Request medium1 40 req/min,Thread Group 100 req/min 2-29,true,500266,126,http://192.168.1.118/medium1.html,43
1548341456219,2265,HTTP Request medium1 40 req/min,Thread Group 100 req/min 2-23,true,500266,126,http://192.168.1.118/medium1.html,34
1548341456210,2279,HTTP Request medium1 40 req/min,Thread Group 100 req/min 2-20,true,500266,126,http://192.168.1.118/medium1.html,26
1548341456174,2411,HTTP Request medium1 40 req/min,Thread Group 100 req/min 2-3,true,500266,126,http://192.168.1.118/medium1.html,12
1548341456178,2410,HTTP Request medium1 40 req/min,Thread Group 100 req/min 2-6,true,500266,126,http://192.168.1.118/medium1.html,126
1548341456222,2368,HTTP Request medium1 40 req/min,Thread Group 100 req/min 2-18,true,500266,126,http://192.168.1.118/medium1.html,42
1548341456177,2427,HTTP Request medium1 40 req/min,Thread Group 100 req/min 2-4,true,500266,126,http://192.168.1.118/medium1.html,153
1548341456242,2726,HTTP Request medium1 40 req/min,Thread Group 100 req/min 2-30,true,500266,126,http://192.168.1.118/medium1.html,905
1548341456192,3487,HTTP Request medium2 40 req/min,Thread Group 100 req/min 2-15,true,1018167,126,http://192.168.1.118/medium2.html,30
1548341456183,3515,HTTP Request medium2 40 req/min,Thread Group 100 req/min 2-8,true,1018167,126,http://192.168.1.118/medium2.html,21
1548341456216,3491,HTTP Request medium2 40 req/min,Thread Group 100 req/min 2-24,true,1018167,126,http://192.168.1.118/medium2.html,104
1548341456172,3543,HTTP Request medium2 40 req/min,Thread Group 100 req/min 2-2,true,1018167,126,http://192.168.1.118/medium2.html,183
1548341456186,3533,HTTP Request medium2 40 req/min,Thread Group 100 req/min 2-11,true,1018167,126,http://192.168.1.118/medium2.html,147
1548341456189,3539,HTTP Request medium2 40 req/min,Thread Group 100 req/min 2-12,true,1018167,126,http://192.168.1.118/medium2.html,155
1548341456210,3535,HTTP Request medium2 40 req/min,Thread Group 100 req/min 2-21,true,1018167,126,http://192.168.1.118/medium2.html,205
1548341456213,3540,HTTP Request medium2 40 req/min,Thread Group 100 req/min 2-22,true,1018167,126,http://192.168.1.118/medium2.html,33
1548341456206,4377,HTTP Request big1 40 req/min,Thread Group 100 req/min 2-19,true,2035951,123,http://192.168.1.118/big1.html,80
1548341456172,4412,HTTP Request big1 40 req/min,Thread Group 100 req/min 2-1,true,2035951,123,http://192.168.1.118/big1.html,217
1548341456182,4403,HTTP Request big1 40 req/min,Thread Group 100 req/min 2-7,true,2035951,123,http://192.168.1.118/big1.html,17
1548341456186,4403,HTTP Request big1 40 req/min,Thread Group 100 req/min 2-9,true,2035951,123,http://192.168.1.118/big1.html,115
1548341456176,4419,HTTP Request big1 40 req/min,Thread Group 100 req/min 2-5,true,2035951,123,http://192.168.1.118/big1.html,227
1548341474210,59,HTTP Request small1 40 req/min,Thread Group 100 req/min 2-20,true,25314,125,http://192.168.1.118/small1.html,56
1548341474216,64,HTTP Request small1 40 req/min,Thread Group 100 req/min 2-24,true,25314,125,http://192.168.1.118/small1.html,60
1548341474232,68,HTTP Request small1 40 req/min,Thread Group 100 req/min 2-28,true,25314,125,http://192.168.1.118/small1.html,65
1548341474238,224,HTTP Request small1 40 req/min,Thread Group 100 req/min 2-27,true,25314,125,http://192.168.1.118/small1.html,65
1548341474174,301,HTTP Request small1 40 req/min,Thread Group 100 req/min 2-3,true,25314,125,http://192.168.1.118/small1.html,184
1548341474172,311,HTTP Request small1 40 req/min,Thread Group 100 req/min 2-2,true,25314,125,http://192.168.1.118/small1.html,180
1548341474210,460,HTTP Request small2 40 req/min,Thread Group 100 req/min 2-21,true,100309,125,http://192.168.1.118/small2.html,53
1548341474222,516,HTTP Request small2 40 req/min,Thread Group 100 req/min 2-18,true,100309,125,http://192.168.1.118/small2.html,65
1548341474195,623,HTTP Request small2 40 req/min,Thread Group 100 req/min 2-16,true,100309,125,http://192.168.1.118/small2.html,126
1548341474224,604,HTTP Request small2 40 req/min,Thread Group 100 req/min 2-26,true,100309,125,http://192.168.1.118/small2.html,69
1548341474183,650,HTTP Request small2 40 req/min,Thread Group 100 req/min 2-7,true,100309,125,http://192.168.1.118/small2.html,186
1548341474187,675,HTTP Request small2 40 req/min,Thread Group 100 req/min 2-10,true,100309,125,http://192.168.1.118/small2.html,41
1548341474206,1801,HTTP Request medium1 40 req/min,Thread Group 100 req/min 2-17,true,500266,126,http://192.168.1.118/medium1.html,49
1548341474206,1808,HTTP Request medium1 40 req/min,Thread Group 100 req/min 2-19,true,500266,126,http://192.168.1.118/medium1.html,47
1548341474192,1827,HTTP Request medium1 40 req/min,Thread Group 100 req/min 2-15,true,500266,126,http://192.168.1.118/medium1.html,141
1548341474221,1802,HTTP Request medium1 40 req/min,Thread Group 100 req/min 2-25,true,500266,126,http://192.168.1.118/medium1.html,97
1548341474190,1904,HTTP Request medium1 40 req/min,Thread Group 100 req/min 2-12,true,500266,126,http://192.168.1.118/medium1.html,46
1548341474176,1921,HTTP Request medium1 40 req/min,Thread Group 100 req/min 2-5,true,500266,126,http://192.168.1.118/medium1.html,236
1548341474186,1913,HTTP Request medium1 40 req/min,Thread Group 100 req/min 2-11,true,500266,126,http://192.168.1.118/medium1.html,142
1548341474242,2783,HTTP Request medium2 40 req/min,Thread Group 100 req/min 2-30,true,1018167,126,http://192.168.1.118/medium2.html,71
1548341474179,2869,HTTP Request medium2 40 req/min,Thread Group 100 req/min 2-6,true,1018167,126,http://192.168.1.118/medium2.html,19
1548341474240,2822,HTTP Request medium2 40 req/min,Thread Group 100 req/min 2-29,true,1018167,126,http://192.168.1.118/medium2.html,67
1548341474172,2925,HTTP Request medium2 40 req/min,Thread Group 100 req/min 2-1,true,1018167,126,http://192.168.1.118/medium2.html,286
1548341474182,2922,HTTP Request medium2 40 req/min,Thread Group 100 req/min 2-8,true,1018167,126,http://192.168.1.118/medium2.html,21
1548341474189,3869,HTTP Request big1 40 req/min,Thread Group 100 req/min 2-13,true,2035951,123,http://192.168.1.118/big1.html,134
1548341474192,3873,HTTP Request big1 40 req/min,Thread Group 100 req/min 2-14,true,2035951,123,http://192.168.1.118/big1.html,54
1548341474186,3893,HTTP Request big1 40 req/min,Thread Group 100 req/min 2-9,true,2035951,123,http://192.168.1.118/big1.html,34
1548341474213,3883,HTTP Request big1 40 req/min,Thread Group 100 req/min 2-22,true,2035951,123,http://192.168.1.118/big1.html,60
1548341474176,3923,HTTP Request big1 40 req/min,Thread Group 100 req/min 2-4,true,2035951,123,http://192.168.1.118/big1.html,186
1548341474219,3884,HTTP Request big1 40 req/min,Thread Group 100 req/min 2-23,true,2035951,123,http://192.168.1.118/big1.html,64
1548341492187,170,HTTP Request small1 40 req/min,Thread Group 100 req/min 2-10,true,25314,125,http://192.168.1.118/small1.html,46
1548341492216,187,HTTP Request small1 40 req/min,Thread Group 100 req/min 2-24,true,25314,125,http://192.168.1.118/small1.html,57
1548341492172,247,HTTP Request small1 40 req/min,Thread Group 100 req/min 2-1,true,25314,125,http://192.168.1.118/small1.html,243
1548341492206,256,HTTP Request small1 40 req/min,Thread Group 100 req/min 2-19,true,25314,125,http://192.168.1.118/small1.html,51
1548341492176,296,HTTP Request small1 40 req/min,Thread Group 100 req/min 2-5,true,25314,125,http://192.168.1.118/small1.html,163
1548341492238,584,HTTP Request small2 40 req/min,Thread Group 100 req/min 2-27,true,100309,125,http://192.168.1.118/small2.html,61
1548341492174,652,HTTP Request small2 40 req/min,Thread Group 100 req/min 2-3,true,100309,125,http://192.168.1.118/small2.html,24
1548341492206,626,HTTP Request small2 40 req/min,Thread Group 100 req/min 2-17,true,100309,125,http://192.168.1.118/small2.html,107
1548341492178,663,HTTP Request small2 40 req/min,Thread Group 100 req/min 2-6,true,100309,125,http://192.168.1.118/small2.html,154
1548341492189,685,HTTP Request small2 40 req/min,Thread Group 100 req/min 2-12,true,100309,125,http://192.168.1.118/small2.html,182
1548341492177,699,HTTP Request small2 40 req/min,Thread Group 100 req/min 2-4,true,100309,125,http://192.168.1.118/small2.html,28
1548341492182,709,HTTP Request small2 40 req/min,Thread Group 100 req/min 2-8,true,100309,125,http://192.168.1.118/small2.html,148
1548341492186,776,HTTP Request small2 40 req/min,Thread Group 100 req/min 2-11,true,100309,125,http://192.168.1.118/small2.html,220
1548341492232,1760,HTTP Request medium1 40 req/min,Thread Group 100 req/min 2-28,true,500266,126,http://192.168.1.118/medium1.html,60
1548341492183,1853,HTTP Request medium1 40 req/min,Thread Group 100 req/min 2-7,true,500266,126,http://192.168.1.118/medium1.html,35
1548341492189,1903,HTTP Request medium1 40 req/min,Thread Group 100 req/min 2-13,true,500266,126,http://192.168.1.118/medium1.html,47
1548341492172,1975,HTTP Request medium1 40 req/min,Thread Group 100 req/min 2-2,true,500266,126,http://192.168.1.118/medium1.html,386
1548341492192,2924,HTTP Request medium2 40 req/min,Thread Group 100 req/min 2-14,true,1018167,126,http://192.168.1.118/medium2.html,129
1548341492195,2949,HTTP Request medium2 40 req/min,Thread Group 100 req/min 2-16,true,1018167,126,http://192.168.1.118/medium2.html,57
1548341492240,2912,HTTP Request medium2 40 req/min,Thread Group 100 req/min 2-29,true,1018167,126,http://192.168.1.118/medium2.html,62
1548341492221,2935,HTTP Request medium2 40 req/min,Thread Group 100 req/min 2-18,true,1018167,126,http://192.168.1.118/medium2.html,61
1548341492219,2952,HTTP Request medium2 40 req/min,Thread Group 100 req/min 2-23,true,1018167,126,http://192.168.1.118/medium2.html,59
1548341492210,4285,HTTP Request big1 40 req/min,Thread Group 100 req/min 2-21,true,2035951,123,http://192.168.1.118/big1.html,58
1548341492242,4262,HTTP Request big1 40 req/min,Thread Group 100 req/min 2-30,true,2035951,123,http://192.168.1.118/big1.html,67
1548341492224,4289,HTTP Request big1 40 req/min,Thread Group 100 req/min 2-26,true,2035951,123,http://192.168.1.118/big1.html,64
1548341492192,4324,HTTP Request big1 40 req/min,Thread Group 100 req/min 2-15,true,2035951,123,http://192.168.1.118/big1.html,55
1548341492213,4311,HTTP Request big1 40 req/min,Thread Group 100 req/min 2-22,true,2035951,123,http://192.168.1.118/big1.html,106
1548341492221,4314,HTTP Request big1 40 req/min,Thread Group 100 req/min 2-25,true,2035951,123,http://192.168.1.118/big1.html,64
1548341492210,4327,HTTP Request big1 40 req/min,Thread Group 100 req/min 2-20,true,2035951,123,http://192.168.1.118/big1.html,53
1548341492187,4357,HTTP Request big1 40 req/min,Thread Group 100 req/min 2-9,true,2035951,123,http://192.168.1.118/big1.html,41
1548341510192,144,HTTP Request small1 40 req/min,Thread Group 100 req/min 2-14,true,25314,125,http://192.168.1.118/small1.html,140
1548341510189,259,HTTP Request small1 40 req/min,Thread Group 100 req/min 2-12,true,25314,125,http://192.168.1.118/small1.html,46
1548341510206,254,HTTP Request small1 40 req/min,Thread Group 100 req/min 2-17,true,25314,125,http://192.168.1.118/small1.html,46
1548341510187,635,HTTP Request small2 40 req/min,Thread Group 100 req/min 2-10,true,100309,125,http://192.168.1.118/small2.html,134
1548341510222,610,HTTP Request small2 40 req/min,Thread Group 100 req/min 2-25,true,100309,125,http://192.168.1.118/small2.html,63
1548341510241,635,HTTP Request small2 40 req/min,Thread Group 100 req/min 2-29,true,100309,125,http://192.168.1.118/small2.html,57
1548341510175,710,HTTP Request small2 40 req/min,Thread Group 100 req/min 2-3,true,100309,125,http://192.168.1.118/small2.html,178
1548341510179,723,HTTP Request small2 40 req/min,Thread Group 100 req/min 2-6,true,100309,125,http://192.168.1.118/small2.html,31
1548341510186,735,HTTP Request small2 40 req/min,Thread Group 100 req/min 2-9,true,100309,125,http://192.168.1.118/small2.html,133
1548341510193,761,HTTP Request small2 40 req/min,Thread Group 100 req/min 2-15,true,100309,125,http://192.168.1.118/small2.html,53
1548341510172,793,HTTP Request small2 40 req/min,Thread Group 100 req/min 2-2,true,100309,125,http://192.168.1.118/small2.html,171
1548341510182,1974,HTTP Request medium1 40 req/min,Thread Group 100 req/min 2-8,true,500266,126,http://192.168.1.118/medium1.html,17
1548341510189,2015,HTTP Request medium1 40 req/min,Thread Group 100 req/min 2-13,true,500266,126,http://192.168.1.118/medium1.html,162
1548341510176,2038,HTTP Request medium1 40 req/min,Thread Group 100 req/min 2-5,true,500266,126,http://192.168.1.118/medium1.html,53
1548341510182,2035,HTTP Request medium1 40 req/min,Thread Group 100 req/min 2-7,true,500266,126,http://192.168.1.118/medium1.html,156
1548341510195,2026,HTTP Request medium1 40 req/min,Thread Group 100 req/min 2-16,true,500266,126,http://192.168.1.118/medium1.html,117
1548341510213,2030,HTTP Request medium1 40 req/min,Thread Group 100 req/min 2-22,true,500266,126,http://192.168.1.118/medium1.html,54
1548341510211,3145,HTTP Request medium2 40 req/min,Thread Group 100 req/min 2-20,true,1018167,126,http://192.168.1.118/medium2.html,51
1548341510210,3155,HTTP Request medium2 40 req/min,Thread Group 100 req/min 2-21,true,1018167,126,http://192.168.1.118/medium2.html,112
1548341510176,3210,HTTP Request medium2 40 req/min,Thread Group 100 req/min 2-4,true,1018167,126,http://192.168.1.118/medium2.html,44
1548341510186,3215,HTTP Request medium2 40 req/min,Thread Group 100 req/min 2-11,true,1018167,126,http://192.168.1.118/medium2.html,17
1548341510219,3186,HTTP Request medium2 40 req/min,Thread Group 100 req/min 2-23,true,1018167,126,http://192.168.1.118/medium2.html,58
1548341510225,3207,HTTP Request medium2 40 req/min,Thread Group 100 req/min 2-26,true,1018167,126,http://192.168.1.118/medium2.html,63
1548341510172,3266,HTTP Request medium2 40 req/min,Thread Group 100 req/min 2-1,true,1018167,126,http://192.168.1.118/medium2.html,11
1548341510216,4213,HTTP Request big1 40 req/min,Thread Group 100 req/min 2-24,true,2035951,123,http://192.168.1.118/big1.html,55
1548341510221,4217,HTTP Request big1 40 req/min,Thread Group 100 req/min 2-18,true,2035951,123,http://192.168.1.118/big1.html,61
1548341510233,4215,HTTP Request big1 40 req/min,Thread Group 100 req/min 2-28,true,2035951,123,http://192.168.1.118/big1.html,69
1548341510238,4213,HTTP Request big1 40 req/min,Thread Group 100 req/min 2-27,true,2035951,123,http://192.168.1.118/big1.html,55
1548341510242,4217,HTTP Request big1 40 req/min,Thread Group 100 req/min 2-30,true,2035951,123,http://192.168.1.118/big1.html,66
1548341510206,4256,HTTP Request big1 40 req/min,Thread Group 100 req/min 2-19,true,2035951,123,http://192.168.1.118/big1.html,50
1548341528243,73,HTTP Request small1 40 req/min,Thread Group 100 req/min 2-30,true,25314,125,http://192.168.1.118/small1.html,69
1548341528224,124,HTTP Request small1 40 req/min,Thread Group 100 req/min 2-26,true,25314,125,http://192.168.1.118/small1.html,120
1548341528176,192,HTTP Request small1 40 req/min,Thread Group 100 req/min 2-4,true,25314,125,http://192.168.1.118/small1.html,188
1548341528192,195,HTTP Request small1 40 req/min,Thread Group 100 req/min 2-15,true,25314,125,http://192.168.1.118/small1.html,191
1548341528216,180,HTTP Request small1 40 req/min,Thread Group 100 req/min 2-24,true,25314,125,http://192.168.1.118/small1.html,61
1548341528174,245,HTTP Request small1 40 req/min,Thread Group 100 req/min 2-3,true,25314,125,http://192.168.1.118/small1.html,241
1548341528210,212,HTTP Request small1 40 req/min,Thread Group 100 req/min 2-20,true,25314,125,http://192.168.1.118/small1.html,132
1548341528182,245,HTTP Request small1 40 req/min,Thread Group 100 req/min 2-7,true,25314,125,http://192.168.1.118/small1.html,17
1548341528182,264,HTTP Request small1 40 req/min,Thread Group 100 req/min 2-8,true,25314,125,http://192.168.1.118/small1.html,20
1548341528206,250,HTTP Request small1 40 req/min,Thread Group 100 req/min 2-19,true,25314,125,http://192.168.1.118/small1.html,155
1548341528173,301,HTTP Request small1 40 req/min,Thread Group 100 req/min 2-1,true,25314,125,http://192.168.1.118/small1.html,297
1548341528232,447,HTTP Request small2 40 req/min,Thread Group 100 req/min 2-28,true,100309,125,http://192.168.1.118/small2.html,90
1548341528213,504,HTTP Request small2 40 req/min,Thread Group 100 req/min 2-22,true,100309,125,http://192.168.1.118/small2.html,58
1548341528189,539,HTTP Request small2 40 req/min,Thread Group 100 req/min 2-12,true,100309,125,http://192.168.1.118/small2.html,200
1548341528178,569,HTTP Request small2 40 req/min,Thread Group 100 req/min 2-6,true,100309,125,http://192.168.1.118/small2.html,172
1548341528172,582,HTTP Request small2 40 req/min,Thread Group 100 req/min 2-2,true,100309,125,http://192.168.1.118/small2.html,263
1548341528195,596,HTTP Request small2 40 req/min,Thread Group 100 req/min 2-16,true,100309,125,http://192.168.1.118/small2.html,38
1548341528207,1397,HTTP Request medium1 40 req/min,Thread Group 100 req/min 2-17,true,500266,126,http://192.168.1.118/medium1.html,44
1548341528211,1402,HTTP Request medium1 40 req/min,Thread Group 100 req/min 2-21,true,500266,126,http://192.168.1.118/medium1.html,50
1548341528241,1376,HTTP Request medium1 40 req/min,Thread Group 100 req/min 2-29,true,500266,126,http://192.168.1.118/medium1.html,85
1548341528238,2276,HTTP Request medium2 40 req/min,Thread Group 100 req/min 2-27,true,1018167,126,http://192.168.1.118/medium2.html,64
1548341528189,2352,HTTP Request medium2 40 req/min,Thread Group 100 req/min 2-13,true,1018167,126,http://192.168.1.118/medium2.html,151
1548341528186,2359,HTTP Request medium2 40 req/min,Thread Group 100 req/min 2-11,true,1018167,126,http://192.168.1.118/medium2.html,214
1548341528220,2327,HTTP Request medium2 40 req/min,Thread Group 100 req/min 2-23,true,1018167,126,http://192.168.1.118/medium2.html,61
1548341528176,3324,HTTP Request big1 40 req/min,Thread Group 100 req/min 2-5,true,2035951,123,http://192.168.1.118/big1.html,177
1548341528192,3325,HTTP Request big1 40 req/min,Thread Group 100 req/min 2-14,true,2035951,123,http://192.168.1.118/big1.html,37
1548341528222,3313,HTTP Request big1 40 req/min,Thread Group 100 req/min 2-25,true,2035951,123,http://192.168.1.118/big1.html,109
1548341528186,3363,HTTP Request big1 40 req/min,Thread Group 100 req/min 2-9,true,2035951,123,http://192.168.1.118/big1.html,28
1548341528221,3335,HTTP Request big1 40 req/min,Thread Group 100 req/min 2-18,true,2035951,123,http://192.168.1.118/big1.html,71
1548341528187,3370,HTTP Request big1 40 req/min,Thread Group 100 req/min 2-10,true,2035951,123,http://192.168.1.118/big1.html,58
1548341546222,75,HTTP Request small1 40 req/min,Thread Group 100 req/min 2-18,true,25314,125,http://192.168.1.118/small1.html,70
1548341546225,142,HTTP Request small1 40 req/min,Thread Group 100 req/min 2-26,true,25314,125,http://192.168.1.118/small1.html,74
1548341546193,255,HTTP Request small1 40 req/min,Thread Group 100 req/min 2-15,true,25314,125,http://192.168.1.118/small1.html,47
1548341546211,246,HTTP Request small1 40 req/min,Thread Group 100 req/min 2-21,true,25314,125,http://192.168.1.118/small1.html,125
1548341546193,327,HTTP Request small1 40 req/min,Thread Group 100 req/min 2-14,true,25314,125,http://192.168.1.118/small1.html,218
1548341546173,431,HTTP Request small1 40 req/min,Thread Group 100 req/min 2-1,true,25314,125,http://192.168.1.118/small1.html,11
1548341546207,568,HTTP Request small2 40 req/min,Thread Group 100 req/min 2-19,true,100309,125,http://192.168.1.118/small2.html,135
1548341546243,581,HTTP Request small2 40 req/min,Thread Group 100 req/min 2-30,true,100309,125,http://192.168.1.118/small2.html,108
1548341546220,614,HTTP Request small2 40 req/min,Thread Group 100 req/min 2-23,true,100309,125,http://192.168.1.118/small2.html,51
1548341546222,615,HTTP Request small2 40 req/min,Thread Group 100 req/min 2-25,true,100309,125,http://192.168.1.118/small2.html,60
1548341546211,649,HTTP Request small2 40 req/min,Thread Group 100 req/min 2-20,true,100309,125,http://192.168.1.118/small2.html,41
1548341546175,711,HTTP Request small2 40 req/min,Thread Group 100 req/min 2-3,true,100309,125,http://192.168.1.118/small2.html,185
1548341546217,1740,HTTP Request medium1 40 req/min,Thread Group 100 req/min 2-24,true,500266,126,http://192.168.1.118/medium1.html,51
1548341546179,1797,HTTP Request medium1 40 req/min,Thread Group 100 req/min 2-6,true,500266,126,http://192.168.1.118/medium1.html,242
1548341546241,1796,HTTP Request medium1 40 req/min,Thread Group 100 req/min 2-29,true,500266,126,http://192.168.1.118/medium1.html,71
1548341546190,1884,HTTP Request medium1 40 req/min,Thread Group 100 req/min 2-12,true,500266,126,http://192.168.1.118/medium1.html,151
1548341546239,1852,HTTP Request medium1 40 req/min,Thread Group 100 req/min 2-27,true,500266,126,http://192.168.1.118/medium1.html,83
1548341546173,1965,HTTP Request medium1 40 req/min,Thread Group 100 req/min 2-2,true,500266,126,http://192.168.1.118/medium1.html,212
1548341546177,2890,HTTP Request medium2 40 req/min,Thread Group 100 req/min 2-5,true,1018167,126,http://192.168.1.118/medium2.html,25
1548341546187,2913,HTTP Request medium2 40 req/min,Thread Group 100 req/min 2-9,true,1018167,126,http://192.168.1.118/medium2.html,250
1548341546215,2941,HTTP Request medium2 40 req/min,Thread Group 100 req/min 2-22,true,1018167,126,http://192.168.1.118/medium2.html,46
1548341546197,2962,HTTP Request medium2 40 req/min,Thread Group 100 req/min 2-16,true,1018167,126,http://192.168.1.118/medium2.html,50
1548341546234,4182,HTTP Request big1 40 req/min,Thread Group 100 req/min 2-28,true,2035951,123,http://192.168.1.118/big1.html,68
1548341546188,4298,HTTP Request big1 40 req/min,Thread Group 100 req/min 2-10,true,2035951,123,http://192.168.1.118/big1.html,41
1548341546207,4291,HTTP Request big1 40 req/min,Thread Group 100 req/min 2-17,true,2035951,123,http://192.168.1.118/big1.html,125
1548341546183,4324,HTTP Request big1 40 req/min,Thread Group 100 req/min 2-8,true,2035951,123,http://192.168.1.118/big1.html,212
1548341546188,4328,HTTP Request big1 40 req/min,Thread Group 100 req/min 2-11,true,2035951,123,http://192.168.1.118/big1.html,183
1548341546183,4344,HTTP Request big1 40 req/min,Thread Group 100 req/min 2-7,true,2035951,123,http://192.168.1.118/big1.html,29
1548341546177,4355,HTTP Request big1 40 req/min,Thread Group 100 req/min 2-4,true,2035951,123,http://192.168.1.118/big1.html,176
1548341546191,4344,HTTP Request big1 40 req/min,Thread Group 100 req/min 2-13,true,2035951,123,http://192.168.1.118/big1.html,43
1548341564192,151,HTTP Request small1 40 req/min,Thread Group 100 req/min 2-14,true,25314,125,http://192.168.1.118/small1.html,40
1548341564189,216,HTTP Request small1 40 req/min,Thread Group 100 req/min 2-13,true,25314,125,http://192.168.1.118/small1.html,39
1548341564232,178,HTTP Request small1 40 req/min,Thread Group 100 req/min 2-28,true,25314,125,http://192.168.1.118/small1.html,63
1548341564182,270,HTTP Request small1 40 req/min,Thread Group 100 req/min 2-8,true,25314,125,http://192.168.1.118/small1.html,148
1548341564216,255,HTTP Request small1 40 req/min,Thread Group 100 req/min 2-24,true,25314,125,http://192.168.1.118/small1.html,45
1548341564188,294,HTTP Request small1 40 req/min,Thread Group 100 req/min 2-10,true,25314,125,http://192.168.1.118/small1.html,112
1548341564195,298,HTTP Request small1 40 req/min,Thread Group 100 req/min 2-16,true,25314,125,http://192.168.1.118/small1.html,41
1548341564207,332,HTTP Request small1 40 req/min,Thread Group 100 req/min 2-19,true,25314,125,http://192.168.1.118/small1.html,39
1548341564186,481,HTTP Request small2 40 req/min,Thread Group 100 req/min 2-9,true,100309,125,http://192.168.1.118/small2.html,31
1548341564239,578,HTTP Request small2 40 req/min,Thread Group 100 req/min 2-27,true,100309,125,http://192.168.1.118/small2.html,36
1548341564207,1897,HTTP Request medium1 40 req/min,Thread Group 100 req/min 2-17,true,500266,126,http://192.168.1.118/medium1.html,130
1548341564224,1920,HTTP Request medium1 40 req/min,Thread Group 100 req/min 2-26,true,500266,126,http://192.168.1.118/medium1.html,47
1548341564187,1966,HTTP Request medium1 40 req/min,Thread Group 100 req/min 2-11,true,500266,126,http://192.168.1.118/medium1.html,133
1548341564172,2036,HTTP Request medium1 40 req/min,Thread Group 100 req/min 2-1,true,500266,126,http://192.168.1.118/medium1.html,259
1548341564221,1988,HTTP Request medium1 40 req/min,Thread Group 100 req/min 2-18,true,500266,126,http://192.168.1.118/medium1.html,70
1548341564210,2049,HTTP Request medium1 40 req/min,Thread Group 100 req/min 2-20,true,500266,126,http://192.168.1.118/medium1.html,41
1548341564177,3230,HTTP Request medium2 40 req/min,Thread Group 100 req/min 2-4,true,1018167,126,http://192.168.1.118/medium2.html,24
1548341564243,3172,HTTP Request medium2 40 req/min,Thread Group 100 req/min 2-30,true,1018167,126,http://192.168.1.118/medium2.html,42
1548341564210,3211,HTTP Request medium2 40 req/min,Thread Group 100 req/min 2-21,true,1018167,126,http://192.168.1.118/medium2.html,123
1548341564241,3210,HTTP Request medium2 40 req/min,Thread Group 100 req/min 2-29,true,1018167,126,http://192.168.1.118/medium2.html,40
1548341564189,3271,HTTP Request medium2 40 req/min,Thread Group 100 req/min 2-12,true,1018167,126,http://192.168.1.118/medium2.html,117
1548341564221,4728,HTTP Request big1 40 req/min,Thread Group 100 req/min 2-25,true,2035951,123,http://192.168.1.118/big1.html,44
1548341564172,4787,HTTP Request big1 40 req/min,Thread Group 100 req/min 2-2,true,2035951,123,http://192.168.1.118/big1.html,216
1548341564182,4794,HTTP Request big1 40 req/min,Thread Group 100 req/min 2-7,true,2035951,123,http://192.168.1.118/big1.html,128
1548341564219,4760,HTTP Request big1 40 req/min,Thread Group 100 req/min 2-23,true,2035951,123,http://192.168.1.118/big1.html,97
1548341564176,4810,HTTP Request big1 40 req/min,Thread Group 100 req/min 2-5,true,2035951,123,http://192.168.1.118/big1.html,23
1548341564179,4809,HTTP Request big1 40 req/min,Thread Group 100 req/min 2-6,true,2035951,123,http://192.168.1.118/big1.html,24
1548341564213,4779,HTTP Request big1 40 req/min,Thread Group 100 req/min 2-22,true,2035951,123,http://192.168.1.118/big1.html,42
1548341564175,4821,HTTP Request big1 40 req/min,Thread Group 100 req/min 2-3,true,2035951,123,http://192.168.1.118/big1.html,13
1548341564192,4808,HTTP Request big1 40 req/min,Thread Group 100 req/min 2-15,true,2035951,123,http://192.168.1.118/big1.html,134
1548341582189,47,HTTP Request small1 40 req/min,Thread Group 100 req/min 2-13,true,25314,125,http://192.168.1.118/small1.html,41
1548341582217,58,HTTP Request small1 40 req/min,Thread Group 100 req/min 2-24,true,25314,125,http://192.168.1.118/small1.html,54
1548341582240,66,HTTP Request small1 40 req/min,Thread Group 100 req/min 2-29,true,25314,125,http://192.168.1.118/small1.html,62
1548341582192,165,HTTP Request small1 40 req/min,Thread Group 100 req/min 2-15,true,25314,125,http://192.168.1.118/small1.html,161
1548341582211,199,HTTP Request small1 40 req/min,Thread Group 100 req/min 2-21,true,25314,125,http://192.168.1.118/small1.html,50
1548341582211,209,HTTP Request small1 40 req/min,Thread Group 100 req/min 2-20,true,25314,125,http://192.168.1.118/small1.html,54
1548341582186,271,HTTP Request small1 40 req/min,Thread Group 100 req/min 2-11,true,25314,125,http://192.168.1.118/small1.html,31
1548341582187,284,HTTP Request small1 40 req/min,Thread Group 100 req/min 2-10,true,25314,125,http://192.168.1.118/small1.html,198
1548341582176,297,HTTP Request small1 40 req/min,Thread Group 100 req/min 2-4,true,25314,125,http://192.168.1.118/small1.html,194
1548341582213,451,HTTP Request small2 40 req/min,Thread Group 100 req/min 2-22,true,100309,125,http://192.168.1.118/small2.html,110
1548341582176,517,HTTP Request small2 40 req/min,Thread Group 100 req/min 2-5,true,100309,125,http://192.168.1.118/small2.html,191
1548341582206,585,HTTP Request small2 40 req/min,Thread Group 100 req/min 2-17,true,100309,125,http://192.168.1.118/small2.html,114
1548341582173,632,HTTP Request small2 40 req/min,Thread Group 100 req/min 2-2,true,100309,125,http://192.168.1.118/small2.html,239
1548341582225,594,HTTP Request small2 40 req/min,Thread Group 100 req/min 2-26,true,100309,125,http://192.168.1.118/small2.html,114
1548341582242,1598,HTTP Request medium1 40 req/min,Thread Group 100 req/min 2-30,true,500266,126,http://192.168.1.118/medium1.html,67
1548341582221,1637,HTTP Request medium1 40 req/min,Thread Group 100 req/min 2-18,true,500266,126,http://192.168.1.118/medium1.html,60
1548341582172,1733,HTTP Request medium1 40 req/min,Thread Group 100 req/min 2-1,true,500266,126,http://192.168.1.118/medium1.html,277
1548341582195,1724,HTTP Request medium1 40 req/min,Thread Group 100 req/min 2-16,true,500266,126,http://192.168.1.118/medium1.html,117
1548341582221,2671,HTTP Request medium2 40 req/min,Thread Group 100 req/min 2-25,true,1018167,126,http://192.168.1.118/medium2.html,112
1548341582182,2725,HTTP Request medium2 40 req/min,Thread Group 100 req/min 2-8,true,1018167,126,http://192.168.1.118/medium2.html,161
1548341582182,2729,HTTP Request medium2 40 req/min,Thread Group 100 req/min 2-7,true,1018167,126,http://192.168.1.118/medium2.html,18
1548341582178,2738,HTTP Request medium2 40 req/min,Thread Group 100 req/min 2-6,true,1018167,126,http://192.168.1.118/medium2.html,172
1548341582232,2687,HTTP Request medium2 40 req/min,Thread Group 100 req/min 2-28,true,1018167,126,http://192.168.1.118/medium2.html,59
1548341582174,2755,HTTP Request medium2 40 req/min,Thread Group 100 req/min 2-3,true,1018167,126,http://192.168.1.118/medium2.html,9
1548341582219,3679,HTTP Request big1 40 req/min,Thread Group 100 req/min 2-23,true,2035951,123,http://192.168.1.118/big1.html,59
1548341582238,3699,HTTP Request big1 40 req/min,Thread Group 100 req/min 2-27,true,2035951,123,http://192.168.1.118/big1.html,61
1548341582189,3760,HTTP Request big1 40 req/min,Thread Group 100 req/min 2-12,true,2035951,123,http://192.168.1.118/big1.html,36
1548341582187,3764,HTTP Request big1 40 req/min,Thread Group 100 req/min 2-9,true,2035951,123,http://192.168.1.118/big1.html,24
1548341582193,3762,HTTP Request big1 40 req/min,Thread Group 100 req/min 2-14,true,2035951,123,http://192.168.1.118/big1.html,50
1548341582206,3751,HTTP Request big1 40 req/min,Thread Group 100 req/min 2-19,true,2035951,123,http://192.168.1.118/big1.html,44
1548341600178,27,HTTP Request small1 40 req/min,Thread Group 100 req/min 2-6,true,25314,125,http://192.168.1.118/small1.html,22
1548341600189,46,HTTP Request small1 40 req/min,Thread Group 100 req/min 2-13,true,25314,125,http://192.168.1.118/small1.html,40
1548341600195,59,HTTP Request small1 40 req/min,Thread Group 100 req/min 2-16,true,25314,125,http://192.168.1.118/small1.html,55
1548341600240,85,HTTP Request small1 40 req/min,Thread Group 100 req/min 2-29,true,25314,125,http://192.168.1.118/small1.html,80
1548341600173,214,HTTP Request small1 40 req/min,Thread Group 100 req/min 2-1,true,25314,125,http://192.168.1.118/small1.html,210
1548341600213,183,HTTP Request small1 40 req/min,Thread Group 100 req/min 2-22,true,25314,125,http://192.168.1.118/small1.html,126
1548341600182,274,HTTP Request small1 40 req/min,Thread Group 100 req/min 2-8,true,25314,125,http://192.168.1.118/small1.html,187
1548341600206,524,HTTP Request small2 40 req/min,Thread Group 100 req/min 2-17,true,100309,125,http://192.168.1.118/small2.html,142
1548341600174,571,HTTP Request small2 40 req/min,Thread Group 100 req/min 2-3,true,100309,125,http://192.168.1.118/small2.html,204
1548341600173,589,HTTP Request small2 40 req/min,Thread Group 100 req/min 2-2,true,100309,125,http://192.168.1.118/small2.html,10
1548341600193,576,HTTP Request small2 40 req/min,Thread Group 100 req/min 2-15,true,100309,125,http://192.168.1.118/small2.html,134
1548341600187,616,HTTP Request small2 40 req/min,Thread Group 100 req/min 2-10,true,100309,125,http://192.168.1.118/small2.html,35
1548341600224,595,HTTP Request small2 40 req/min,Thread Group 100 req/min 2-26,true,100309,125,http://192.168.1.118/small2.html,106
1548341600221,1640,HTTP Request medium1 40 req/min,Thread Group 100 req/min 2-25,true,500266,126,http://192.168.1.118/medium1.html,79
1548341600176,1755,HTTP Request medium1 40 req/min,Thread Group 100 req/min 2-5,true,500266,126,http://192.168.1.118/medium1.html,196
1548341600239,1704,HTTP Request medium1 40 req/min,Thread Group 100 req/min 2-27,true,500266,126,http://192.168.1.118/medium1.html,111
1548341600210,1735,HTTP Request medium1 40 req/min,Thread Group 100 req/min 2-20,true,500266,126,http://192.168.1.118/medium1.html,51
1548341600210,1743,HTTP Request medium1 40 req/min,Thread Group 100 req/min 2-21,true,500266,126,http://192.168.1.118/medium1.html,60
1548341600186,1837,HTTP Request medium1 40 req/min,Thread Group 100 req/min 2-9,true,500266,126,http://192.168.1.118/medium1.html,212
1548341600242,2383,HTTP Request medium1 40 req/min,Thread Group 100 req/min 2-30,true,500266,126,http://192.168.1.118/medium1.html,1209
1548341600216,2647,HTTP Request medium2 40 req/min,Thread Group 100 req/min 2-24,true,1018167,126,http://192.168.1.118/medium2.html,74
1548341600193,2683,HTTP Request medium2 40 req/min,Thread Group 100 req/min 2-14,true,1018167,126,http://192.168.1.118/medium2.html,45
1548341600176,2733,HTTP Request medium2 40 req/min,Thread Group 100 req/min 2-4,true,1018167,126,http://192.168.1.118/medium2.html,233
1548341600182,2729,HTTP Request medium2 40 req/min,Thread Group 100 req/min 2-7,true,1018167,126,http://192.168.1.118/medium2.html,220
1548341600207,3710,HTTP Request big1 40 req/min,Thread Group 100 req/min 2-19,true,2035951,123,http://192.168.1.118/big1.html,52
1548341600219,3717,HTTP Request big1 40 req/min,Thread Group 100 req/min 2-23,true,2035951,123,http://192.168.1.118/big1.html,76
1548341600221,3724,HTTP Request big1 40 req/min,Thread Group 100 req/min 2-18,true,2035951,123,http://192.168.1.118/big1.html,140
1548341600232,3720,HTTP Request big1 40 req/min,Thread Group 100 req/min 2-28,true,2035951,123,http://192.168.1.118/big1.html,78
1548341600189,3768,HTTP Request big1 40 req/min,Thread Group 100 req/min 2-12,true,2035951,123,http://192.168.1.118/big1.html,175
1548341600186,3776,HTTP Request big1 40 req/min,Thread Group 100 req/min 2-11,true,2035951,123,http://192.168.1.118/big1.html,154
1548341612173,82,HTTP Request small1 40 req/min,Thread Group 100 req/min 2-17,true,25314,125,http://192.168.1.118/small1.html,77
1548341612175,171,HTTP Request small1 40 req/min,Thread Group 100 req/min 2-22,true,25314,125,http://192.168.1.118/small1.html,167
1548341612175,252,HTTP Request small1 40 req/min,Thread Group 100 req/min 2-29,true,25314,125,http://192.168.1.118/small1.html,174
1548341612177,282,HTTP Request small1 40 req/min,Thread Group 100 req/min 2-18,true,25314,125,http://192.168.1.118/small1.html,202
1548341612171,298,HTTP Request small1 40 req/min,Thread Group 100 req/min 2-24,true,25314,125,http://192.168.1.118/small1.html,224
1548341612174,304,HTTP Request small1 40 req/min,Thread Group 100 req/min 2-4,true,25314,125,http://192.168.1.118/small1.html,224
1548341612172,317,HTTP Request small1 40 req/min,Thread Group 100 req/min 2-7,true,25314,125,http://192.168.1.118/small1.html,198
1548341612174,569,HTTP Request small2 40 req/min,Thread Group 100 req/min 2-13,true,100309,125,http://192.168.1.118/small2.html,106
1548341612173,598,HTTP Request small2 40 req/min,Thread Group 100 req/min 2-5,true,100309,125,http://192.168.1.118/small2.html,200
1548341612175,667,HTTP Request small2 40 req/min,Thread Group 100 req/min 2-19,true,100309,125,http://192.168.1.118/small2.html,154
1548341612171,718,HTTP Request small2 40 req/min,Thread Group 100 req/min 2-16,true,100309,125,http://192.168.1.118/small2.html,50
1548341612171,1899,HTTP Request medium1 40 req/min,Thread Group 100 req/min 2-14,true,500266,126,http://192.168.1.118/medium1.html,191
1548341612176,1904,HTTP Request medium1 40 req/min,Thread Group 100 req/min 2-3,true,500266,126,http://192.168.1.118/medium1.html,156
1548341612171,1931,HTTP Request medium1 40 req/min,Thread Group 100 req/min 2-10,true,500266,126,http://192.168.1.118/medium1.html,89
1548341612175,1983,HTTP Request medium1 40 req/min,Thread Group 100 req/min 2-11,true,500266,126,http://192.168.1.118/medium1.html,201
1548341612171,1991,HTTP Request medium1 40 req/min,Thread Group 100 req/min 2-27,true,500266,126,http://192.168.1.118/medium1.html,181
1548341612177,2030,HTTP Request medium1 40 req/min,Thread Group 100 req/min 2-26,true,500266,126,http://192.168.1.118/medium1.html,182
1548341612171,2047,HTTP Request medium1 40 req/min,Thread Group 100 req/min 2-2,true,500266,126,http://192.168.1.118/medium1.html,61
1548341612174,3003,HTTP Request medium2 40 req/min,Thread Group 100 req/min 2-9,true,1018167,126,http://192.168.1.118/medium2.html,214
1548341612171,3065,HTTP Request medium2 40 req/min,Thread Group 100 req/min 2-12,true,1018167,126,http://192.168.1.118/medium2.html,73
1548341612172,3076,HTTP Request medium2 40 req/min,Thread Group 100 req/min 2-15,true,1018167,126,http://192.168.1.118/medium2.html,39
1548341612174,3088,HTTP Request medium2 40 req/min,Thread Group 100 req/min 2-8,true,1018167,126,http://192.168.1.118/medium2.html,229
1548341612176,3101,HTTP Request medium2 40 req/min,Thread Group 100 req/min 2-23,true,1018167,126,http://192.168.1.118/medium2.html,143
1548341612173,3116,HTTP Request medium2 40 req/min,Thread Group 100 req/min 2-1,true,1018167,126,http://192.168.1.118/medium2.html,97
1548341612176,4153,HTTP Request big1 40 req/min,Thread Group 100 req/min 2-28,true,2035951,123,http://192.168.1.118/big1.html,135
1548341612175,4159,HTTP Request big1 40 req/min,Thread Group 100 req/min 2-21,true,2035951,123,http://192.168.1.118/big1.html,126
1548341612173,4164,HTTP Request big1 40 req/min,Thread Group 100 req/min 2-20,true,2035951,123,http://192.168.1.118/big1.html,101
1548341612172,4168,HTTP Request big1 40 req/min,Thread Group 100 req/min 2-25,true,2035951,123,http://192.168.1.118/big1.html,213
1548341612174,4173,HTTP Request big1 40 req/min,Thread Group 100 req/min 2-6,true,2035951,123,http://192.168.1.118/big1.html,116
1548341612176,4180,HTTP Request big1 40 req/min,Thread Group 100 req/min 2-30,true,2035951,123,http://192.168.1.118/big1.html,145
